Dimensi,GMM,KMeans
Silhouette,0.039339985688686345,0.07722536287104508
Calinski-Harabasz,20.203240788814046,28.25054464567642
Davies-Bouldin,3.207660387562163,2.7353889176182444
Proyeksi 2025,592,Tidak ada
Persona LLM,Ya,Tidak
